username1,John,Doe,0123456789,john.doe@example.com,password123,ENI DE QUIMPER,picture1.jpg
username2,Jane,Smith,0123456790,jane.smith@example.com,password123,ENI DE QUIMPER,picture2.jpg
username3,Mike,Brown,0123456791,mike.brown@example.com,password123,ENI DE NANTES,picture3.jpg
username4,Emily,Jones,0123456792,emily.jones@example.com,password123,ENI DE QUIMPER,picture4.jpg
username5,Chris,Davis,0123456793,chris.davis@example.com,password123,ENI DE NANTES,picture5.jpg
username6,Karen,Miller,0123456794,karen.miller@example.com,password123,ENI DE NANTES,picture6.jpg
username7,David,Wilson,0123456795,david.wilson@example.com,password123,ENI DE NANTES,picture7.jpg
username8,Lisa,Moore,0123456796,lisa.moore@example.com,password123,ENI DE NANTES,picture8.jpg
username9,Paul,Taylor,0123456797,paul.taylor@example.com,password123,ENI DE NANTES,picture9.jpg
username10,Nancy,Anderson,0123456798,nancy.anderson@example.com,password123,ENI DE NANTES,picture10.jpg
username11,Mark,Thomas,0123456799,mark.thomas@example.com,password123,ENI DE NANTES,picture11.jpg
username12,Betty,Jackson,0123456780,betty.jackson@example.com,password123,ENI DE NANTES,picture12.jpg
username13,Robert,White,0123456781,robert.white@example.com,password123,ENI DE NANTES,picture13.jpg
username14,Susan,Harris,0123456782,susan.harris@example.com,password123,ENI DE NANTES,picture14.jpg
username15,James,Martin,0123456783,james.martin@example.com,password123,ENI DE NANTES,picture15.jpg
username16,Amy,Thompson,0123456784,amy.thompson@example.com,password123,ENI DE NANTES,picture16.jpg
username17,George,Garcia,0123456785,george.garcia@example.com,password123,ENI DE NANTES,picture17.jpg
username18,Sarah,Martinez,0123456786,sarah.martinez@example.com,password123,ENI DE NANTES,picture18.jpg
username19,Charles,Robinson,0123456787,charles.robinson@example.com,password123,ENI DE NANTES,picture19.jpg
username20,Mary,Clark,0123456788,mary.clark@example.com,password123,ENI DE NANTES,picture20.jpg
